event_number,event_number_niskin,date_time_utc,latitude,longitude,depth,replicate,POC_micromolar,PON_micromolar,POC_microg_perL,PON_microg_perL,C_to_N_molar_ratio,C_quality_flag,N_quality_flag
MVCO_305,MVCO_305_01,2012-11-06 16:13:00,41.325,-70.565,15,a,21.152,2.811,254.05,39.374,7.525,1,1
MVCO_305,MVCO_305_02,2012-11-06 16:13:00,41.325,-70.565,10,a,18.056,2.634,216.861,36.891,6.855,1,1
MVCO_305,MVCO_305_03,2012-11-06 16:13:00,41.325,-70.565,6,a,20.324,3.07,244.101,42.997,6.621,1,1
MVCO_305,MVCO_305_04,2012-11-06 16:13:00,41.325,-70.565,2,a,17.204,2.516,206.629,35.245,6.837,1,1
MVCO_306,MVCO_306_01,2013-01-11 18:08:00,41.325,-70.565,15.5,a,31.173,4.421,374.411,61.926,7.051,1,1
MVCO_306,MVCO_306_02,2013-01-11 18:08:00,41.325,-70.565,10,a,24.863,3.348,298.619,46.9,7.425,1,1
MVCO_306,MVCO_306_03,2013-01-11 18:08:00,41.325,-70.565,6,a,22.365,3.058,268.616,42.835,7.313,1,1
MVCO_306,MVCO_306_04,2013-01-11 18:08:00,41.325,-70.565,2,a,21.754,3.014,261.279,42.215,7.218,1,1
MVCO_307,MVCO_307_01,2013-02-14 18:09:00,41.325,-70.565,15,a,53.489,6.977,642.437,97.722,7.667,1,1
MVCO_307,MVCO_307_02,2013-02-14 18:09:00,41.325,-70.565,10,a,40.63,5.101,487.99,71.441,7.966,1,1
MVCO_307,MVCO_307_03,2013-02-14 18:09:00,41.325,-70.565,6,a,37.997,4.851,456.368,67.95,7.832,1,1
MVCO_307,MVCO_307_04,2013-02-14 18:09:00,41.325,-70.565,2,a,32.312,4.162,388.094,58.289,7.765,1,1
MVCO_308,MVCO_308_01,2013-03-03 21:30:00,41.325,-70.565,15,a,37.524,5.498,450.689,77.004,6.825,1,1
MVCO_308,MVCO_308_02,2013-03-03 21:30:00,41.325,-70.565,10,a,40.551,5.682,487.044,79.585,7.137,1,1
MVCO_308,MVCO_308_03,2013-03-03 21:30:00,41.325,-70.565,6,a,38.013,4.457,456.565,62.428,8.529,1,1
MVCO_308,MVCO_308_03,2013-03-03 21:30:00,41.325,-70.565,6,b,37.234,4.618,447.203,64.683,8.063,1,1
MVCO_308,MVCO_308_04,2013-03-03 21:30:00,41.325,-70.565,0,a,46.397,5.708,557.257,79.946,8.129,1,1
MVCO_308,MVCO_308_04,2013-03-03 21:30:00,41.325,-70.565,0,b,53.237,5.932,639.415,83.088,8.975,1,1
MVCO_309,MVCO_309_01,2013-04-04 14:10:00,41.3243,-70.5657,14.8,a,26.767,4.175,321.485,58.48,6.411,1,1
MVCO_309,MVCO_309_01,2013-04-04 14:10:00,41.3243,-70.5657,14.8,b,26.184,3.461,314.488,48.479,7.565,1,1
MVCO_309,MVCO_309_02,2013-04-04 14:10:00,41.3243,-70.5657,10,a,20.927,2.862,251.352,40.087,7.312,1,1
MVCO_309,MVCO_309_03,2013-04-04 14:10:00,41.3243,-70.5657,6,a,29.137,4.52,349.95,63.306,6.447,1,1
MVCO_309,MVCO_309_04,2013-04-04 14:10:00,41.3243,-70.5657,3,b,24.607,3.393,295.545,47.52,7.253,1,1
MVCO_309,MVCO_309_04,2013-04-04 14:10:00,41.3243,-70.5657,3,a,26.468,3.972,317.902,55.629,6.664,1,1
MVCO_310,MVCO_310_01,2013-04-29 18:30:00,41.3243,-70.5657,15,a,37.038,2.098,444.847,29.39,17.651,1,1
MVCO_310,MVCO_310_02,2013-04-29 18:30:00,41.3243,-70.5657,10,a,24.319,3.158,292.087,44.227,7.702,1,1
MVCO_310,MVCO_310_03,2013-04-29 18:30:00,41.3243,-70.5657,6,a,17.033,2.247,204.584,31.469,7.581,1,1
MVCO_310,MVCO_310_04,2013-04-29 18:30:00,41.3243,-70.5657,2,a,17.701,2.323,212.599,32.541,7.619,1,1
MVCO_311,MVCO_311_00,2013-05-07 20:00:00,41.3243,-70.5657,0,a,16.439,2.21,197.446,30.949,7.44,1,1
MVCO_311,MVCO_311_00,2013-05-07 20:00:00,41.3243,-70.5657,0,b,18.408,2.446,221.093,34.259,7.526,1,1
MVCO_312,MVCO_312_01,2013-06-16 16:30:00,41.3243,-70.5657,15,a,28.528,4.561,342.641,63.879,6.255,1,1
MVCO_312,MVCO_312_02,2013-06-16 16:30:00,41.3243,-70.5657,10,a,27.116,3.968,325.683,55.581,6.833,1,1
MVCO_312,MVCO_312_03,2013-06-16 16:30:00,41.3243,-70.5657,6,a,20.931,3.086,251.392,43.23,6.782,1,1
MVCO_312,MVCO_312_04,2013-06-16 16:30:00,41.3243,-70.5657,2,a,21.152,2.871,254.045,40.214,7.367,1,1
MVCO_313,MVCO_313_01,2013-06-21 16:30:00,41.3243,-70.5657,15,a,24.507,3.296,294.352,46.165,7.436,1,1
MVCO_313,MVCO_313_01,2013-06-21 16:30:00,41.3243,-70.5657,15,b,21.768,3.016,261.454,42.246,7.217,1,1
MVCO_313,MVCO_313_02,2013-06-21 16:30:00,41.3243,-70.5657,10,a,26.204,3.619,314.734,50.684,7.242,1,1
MVCO_313,MVCO_313_02,2013-06-21 16:30:00,41.3243,-70.5657,10,b,28.849,4.146,346.501,58.071,6.958,1,1
MVCO_313,MVCO_313_03,2013-06-21 16:30:00,41.3243,-70.5657,6,a,23.382,2.881,280.836,40.357,8.115,1,1
MVCO_313,MVCO_313_04,2013-06-21 16:30:00,41.3243,-70.5657,2,a,23.236,3.156,279.083,44.201,7.363,1,1
MVCO_314,MVCO_314_01,2013-07-13 14:15:00,41.3243,-70.5657,15,a,18.081,2.21,217.167,30.961,8.18,1,1
MVCO_314,MVCO_314_02,2013-07-13 14:15:00,41.3243,-70.5657,10,a,16.485,2.239,197.996,31.363,7.362,1,1
MVCO_314,MVCO_314_03,2013-07-13 14:15:00,41.3243,-70.5657,6,a,16.635,2.242,199.803,31.399,7.421,1,1
MVCO_314,MVCO_314_04,2013-07-13 14:15:00,41.3243,-70.5657,2,a,15.414,1.863,185.13,26.1,8.272,1,1
MVCO_315,MVCO_315_00,2013-07-17 19:00:00,41.3243,-70.5657,0,a,29.272,3.617,351.58,50.668,8.092,3,3
MVCO_315,MVCO_315_00,2013-07-17 19:00:00,41.3243,-70.5657,0,b,19.186,2.832,230.435,39.661,6.776,1,1
MVCO_316,MVCO_316_01,2013-08-01 15:30:00,41.3243,-70.5657,13,a,36.992,5.969,444.301,83.608,6.197,1,1
MVCO_316,MVCO_316_02,2013-08-01 15:30:00,41.3243,-70.5657,10,a,23.565,3.544,283.034,49.634,6.65,1,1
MVCO_316,MVCO_316_03,2013-08-01 15:30:00,41.3243,-70.5657,6,a,25.129,3.679,301.816,51.528,6.831,1,1
MVCO_316,MVCO_316_04,2013-08-01 15:30:00,41.3243,-70.5657,0,a,24.585,5.508,295.288,77.154,4.463,1,1
MVCO_317,MVCO_317_01,2013-08-13 14:00:00,41.3243,-70.5657,13,a,24.23,4.694,291.02,65.741,5.162,1,1
MVCO_317,MVCO_317_02,2013-08-13 14:00:00,41.3243,-70.5657,10,a,21.622,5.069,259.7,70.997,4.266,1,1
MVCO_317,MVCO_317_03,2013-08-13 14:00:00,41.3243,-70.5657,6,a,24.891,4.93,298.952,69.052,5.049,1,1
MVCO_317,MVCO_317_04,2013-08-13 14:00:00,41.3243,-70.5657,2,a,33.958,4.877,407.856,68.31,6.963,1,1
MVCO_317,MVCO_317_04,2013-08-13 14:00:00,41.3243,-70.5657,2,b,36.66,4.89,440.312,68.493,7.497,1,1
MVCO_318,MVCO_318_00,2013-08-23 14:30:00,41.3243,-70.5657,0,a,33.93,4.828,407.518,67.618,7.028,1,1
MVCO_318,MVCO_318_00,2013-08-23 14:30:00,41.3243,-70.5657,0,b,32.71,3.699,392.867,51.812,8.843,1,1
MVCO_319,MVCO_319_00,2013-09-06 22:30:00,41.325,-70.5657,0,a,28.068,2.746,337.116,38.457,10.223,1,1
MVCO_320,MVCO_320_01,2013-09-19 20:00:00,41.325,-70.5657,13,a,37.498,4.488,450.377,62.857,8.356,1,1
MVCO_320,MVCO_320_02,2013-09-19 20:00:00,41.325,-70.5657,10,a,33.778,3.887,405.701,54.446,8.69,1,1
MVCO_320,MVCO_320_03,2013-09-19 20:00:00,41.325,-70.5657,6,a,28.262,3.1,339.448,43.422,9.117,1,1
MVCO_320,MVCO_320_04,2013-09-19 20:00:00,41.325,-70.5657,0,b,44.476,5.501,534.188,77.053,8.085,1,1
MVCO_320,MVCO_320_04,2013-09-19 20:00:00,41.325,-70.5657,0,a,47.6,5.468,571.709,76.592,8.705,1,1
MVCO_321,MVCO_321_02,2013-10-15 16:41:00,41.325,-70.5657,10,a,24.143,2.808,289.975,39.336,8.597,3,3
MVCO_321,MVCO_321_03,2013-10-15 16:41:00,41.325,-70.5657,6,a,26.165,14.621,314.264,204.791,1.79,3,3
MVCO_321,MVCO_321_04,2013-10-15 16:41:00,41.325,-70.5657,2,a,22.601,11.603,271.453,162.52,1.948,3,3
MVCO_321,MVCO_321_01,2013-10-15 16:41:00,41.325,-70.5657,13,a,21.973,2.715,263.906,38.028,8.093,1,1
MVCO_321,MVCO_321_01,2013-10-15 16:41:00,41.325,-70.5657,13,b,23.927,2.915,287.38,40.833,8.207,3,3
MVCO_322,MVCO_322_01,2013-10-29 18:30:00,41.325,-70.5657,13,a,26.295,17.113,315.824,239.699,1.537,1,3
MVCO_322,MVCO_322_02,2013-10-29 18:30:00,41.325,-70.5657,10,a,23.943,12.575,287.574,176.134,1.904,1,3
MVCO_322,MVCO_322_03,2013-10-29 18:30:00,41.325,-70.5657,6,a,25.005,9.864,300.33,138.166,2.535,1,3
MVCO_322,MVCO_322_04,2013-10-29 18:30:00,41.325,-70.5657,2,a,26.296,3.345,315.834,46.853,7.861,1,1
MVCO_323,MVCO_323_01,2013-11-21 19:15:00,41.325,-70.5657,13,a,25.279,3.31,303.616,46.359,7.638,1,1
MVCO_323,MVCO_323_02,2013-11-21 19:15:00,41.325,-70.5657,10,a,38.059,4.013,457.118,56.205,9.485,1,1
MVCO_323,MVCO_323_03,2013-11-21 19:15:00,41.325,-70.5657,6,a,26.612,3.364,319.626,47.121,7.91,1,1
MVCO_323,MVCO_323_04,2013-11-21 19:15:00,41.325,-70.5657,2,a,26.653,3.099,320.117,43.412,8.599,1,1
MVCO_324,MVCO_324_01,2014-01-16 21:00:00,41.325,-70.5657,13,a,53.493,6.165,642.482,86.358,8.676,1,1
MVCO_324,MVCO_324_02,2014-01-16 21:00:00,41.325,-70.5657,10,a,44.58,4.588,535.441,64.262,9.717,1,1
MVCO_324,MVCO_324_03,2014-01-16 21:00:00,41.325,-70.5657,6,a,30.998,3.265,372.313,45.727,9.495,1,1
MVCO_324,MVCO_324_04,2014-01-16 21:00:00,41.325,-70.5657,0,a,33.506,3.148,402.433,44.09,10.644,1,1
MVCO_325,MVCO_325_01,2014-02-26 15:40:00,41.325,-70.5657,14,a,67.06,8.399,805.437,117.636,7.985,1,1
MVCO_325,MVCO_325_02,2014-02-26 15:40:00,41.325,-70.5657,10,a,37.474,4.566,450.09,63.953,8.207,1,1
MVCO_325,MVCO_325_03,2014-02-26 15:40:00,41.325,-70.5657,6,b,32.927,3.972,395.474,55.639,8.289,1,1
MVCO_325,MVCO_325_03,2014-02-26 15:40:00,41.325,-70.5657,6,a,20.624,2.038,247.707,28.55,10.118,3,3
MVCO_325,MVCO_325_04,2014-02-26 15:40:00,41.325,-70.5657,0,a,27.537,3.277,330.735,45.903,8.402,1,1
MVCO_326,MVCO_326_01,2014-04-02 18:20:00,41.325,-70.5657,15,b,61.757,5.796,741.744,81.183,10.655,1,1
MVCO_326,MVCO_326_01,2014-04-02 18:20:00,41.325,-70.5657,15,a,90.026,7.516,1081.28,105.276,11.978,1,1
MVCO_326,MVCO_326_02,2014-04-02 18:20:00,41.325,-70.5657,10,a,32.219,3.113,386.97,43.597,10.351,1,1
MVCO_326,MVCO_326_03,2014-04-02 18:20:00,41.325,-70.5657,6,a,33.456,3.157,401.825,44.223,10.596,1,1
MVCO_326,MVCO_326_04,2014-04-02 18:20:00,41.325,-70.5657,2,a,30.652,17.314,368.146,242.509,1.77,4,4
MVCO_326,MVCO_326_04,2014-04-02 18:20:00,41.325,-70.5657,2,b,30.506,3.158,366.404,44.236,9.659,1,1
MVCO_327,MVCO_327_00,2014-05-30 19:45:00,41.325,-70.5657,0,b,20.588,2.468,247.276,34.574,8.341,1,1
MVCO_327,MVCO_327_00,2014-05-30 19:45:00,41.325,-70.5657,0,a,18.478,2.313,221.93,32.403,7.987,1,1
MVCO_328,MVCO_328_01,2014-06-25 15:45:00,41.325,-70.5657,15,a,20.947,2.624,251.591,36.758,7.982,1,1
MVCO_328,MVCO_328_02,2014-06-25 15:45:00,41.325,-70.5657,10,a,20.146,2.47,241.967,34.593,8.157,1,1
MVCO_328,MVCO_328_03,2014-06-25 15:45:00,41.325,-70.5657,6,a,20.723,2.333,248.903,32.679,8.882,1,1
MVCO_328,MVCO_328_04,2014-06-25 15:45:00,41.325,-70.5657,2,a,19.632,2.528,235.796,35.403,7.767,1,1
MVCO_329,MVCO_329_01,2014-08-05 22:20:00,41.325,-70.5657,15,a,24.261,2.899,291.387,40.605,8.369,1,1
MVCO_329,MVCO_329_02,2014-08-05 22:20:00,41.325,-70.5657,10,a,21.878,2.694,262.774,37.736,8.121,1,1
MVCO_329,MVCO_329_03,2014-08-05 22:20:00,41.325,-70.5657,6,a,28.977,3.236,348.036,45.32,8.956,1,1
MVCO_329,MVCO_329_03,2014-08-05 22:20:00,41.325,-70.5657,6,b,20.536,2.22,246.647,31.095,9.25,1,1
MVCO_329,MVCO_329_04,2014-08-05 22:20:00,41.325,-70.5657,2,a,22.013,2.463,264.394,34.495,8.938,1,1
MVCO_330,MVCO_330_00,2014-08-26 18:50:00,41.325,-70.5657,0,a,14.925,1.676,179.254,23.475,8.905,1,1
MVCO_331,MVCO_331_00,2014-09-04 20:30:00,41.325,-70.5657,0,a,24.548,3.093,294.834,43.318,7.937,1,1
MVCO_332,MVCO_332_01,2014-09-16 17:20:00,41.325,-70.5657,14,a,22.476,2.702,269.948,37.839,8.32,1,1
MVCO_332,MVCO_332_02,2014-09-16 17:20:00,41.325,-70.5657,10,a,24.022,2.874,288.515,40.256,8.358,1,1
MVCO_332,MVCO_332_03,2014-09-16 17:20:00,41.325,-70.5657,6,b,19.96,2.519,239.732,35.284,7.924,1,1
MVCO_332,MVCO_332_03,2014-09-16 17:20:00,41.325,-70.5657,6,a,19.471,2.595,233.86,36.343,7.504,1,1
MVCO_332,MVCO_332_04,2014-09-16 17:20:00,41.325,-70.5657,1.5,a,16.704,2.004,200.621,28.064,8.337,1,1
MVCO_333,MVCO_333_00,2014-10-31 17:00:00,41.325,-70.5657,0,a,28.166,3.967,338.292,55.569,7.1,1,1
MVCO_333,MVCO_333_00,2014-10-31 17:00:00,41.325,-70.5657,0,b,33.249,4.963,399.35,69.513,6.7,1,1
MVCO_334,MVCO_334_00,2014-11-11 14:57:00,41.325,-70.5657,0,a,19.959,2.709,239.727,37.943,7.368,1,1
MVCO_334,MVCO_334_00,2014-11-11 14:57:00,41.325,-70.5657,0,b,21.331,2.807,256.196,39.313,7.6,1,1
MVCO_335,MVCO_335_01,2014-12-19 20:20:00,41.325,-70.5657,13,a,21.608,2.965,259.529,41.529,7.288,1,1
MVCO_335,MVCO_335_02,2014-12-19 20:20:00,41.325,-70.5657,10,a,20.611,2.539,247.549,35.566,8.117,1,1
MVCO_335,MVCO_335_03,2014-12-19 20:20:00,41.325,-70.5657,6,a,20.818,2.813,250.038,39.399,7.401,1,1
MVCO_335,MVCO_335_04,2014-12-19 20:20:00,41.325,-70.5657,1.5,a,19.936,2.935,239.442,41.112,6.792,1,1
MVCO_336,MVCO_336_01,2015-03-10 14:45:00,41.325,-70.5657,15,b,12.529,1.457,150.488,20.409,8.599,1,1
MVCO_336,MVCO_336_01,2015-03-10 14:45:00,41.325,-70.5657,15,a,16.782,2.091,201.566,29.286,8.026,1,1
MVCO_336,MVCO_336_02,2015-03-10 14:45:00,41.325,-70.5657,10,a,17.883,2.117,214.783,29.657,8.446,1,1
MVCO_336,MVCO_336_03,2015-03-10 14:45:00,41.325,-70.5657,6,a,25.473,2.463,305.943,34.503,10.341,1,1
MVCO_336,MVCO_336_04,2015-03-10 14:45:00,41.325,-70.5657,2,a,13.094,1.473,157.269,20.637,8.887,1,1
MVCO_337,MVCO_337_01,2015-03-25 16:06:00,41.325,-70.5657,15,a,19.007,2.752,228.286,38.552,6.906,1,1
MVCO_337,MVCO_337_02,2015-03-25 16:06:00,41.325,-70.5657,10,a,13.127,1.549,157.67,21.693,8.476,1,1
MVCO_337,MVCO_337_03,2015-03-25 16:06:00,41.325,-70.5657,6,a,14.375,2.077,172.653,29.093,6.921,1,1
MVCO_337,MVCO_337_04,2015-03-25 16:06:00,41.325,-70.5657,2,a,11.433,1.285,137.314,18.003,8.895,1,1
MVCO_338,MVCO_338_00,2015-04-02 17:00:00,41.325,-70.5657,0,a,18.459,1.936,221.705,27.124,9.532,1,1
MVCO_340,MVCO_340_01,2015-05-19 14:15:00,41.325,-70.5657,14,a,27.719,4.846,332.924,67.878,5.72,1,1
MVCO_340,MVCO_340_02,2015-05-19 14:15:00,41.325,-70.5657,10,a,29.672,4.955,356.383,69.404,5.988,1,1
MVCO_340,MVCO_340_03,2015-05-19 14:15:00,41.325,-70.5657,6,a,27.999,2.674,336.293,37.459,10.47,1,1
MVCO_340,MVCO_340_04,2015-05-19 14:15:00,41.325,-70.5657,2,a,20.055,2.578,240.874,36.111,7.779,1,1
MVCO_341,MVCO_341_01,2015-06-24 14:30:00,41.325,-70.5657,13,a,23.699,3.446,284.637,48.264,6.878,1,1
MVCO_341,MVCO_341_02,2015-06-24 14:30:00,41.325,-70.5657,10,a,24.547,3.321,294.829,46.515,7.392,1,1
MVCO_341,MVCO_341_03,2015-06-24 14:30:00,41.325,-70.5657,6,a,22.652,3.457,272.072,48.42,6.553,1,1
MVCO_341,MVCO_341_04,2015-06-24 14:30:00,41.325,-70.5657,2,b,20.727,3.206,248.95,44.907,6.465,1,1
MVCO_341,MVCO_341_04,2015-06-24 14:30:00,41.325,-70.5657,2,a,21.455,3.294,257.695,46.136,6.514,1,1
MVCO_342,MVCO_342_00,2015-07-13 16:50:00,41.325,-70.5657,0,a,17.979,2.194,215.945,30.732,8.195,1,1
MVCO_343,MVCO_343_01,2015-07-23 19:00:00,41.325,-70.5657,13,a,20.673,3.171,248.293,44.418,6.519,1,1
MVCO_343,MVCO_343_02,2015-07-23 19:00:00,41.325,-70.5657,10,a,20.637,3.262,247.869,45.687,6.327,1,1
MVCO_343,MVCO_343_03,2015-07-23 19:00:00,41.325,-70.5657,6,a,11.755,1.383,141.188,19.37,8.5,1,1
MVCO_343,MVCO_343_04,2015-07-23 19:00:00,41.325,-70.5657,2,a,11.647,1.482,139.893,20.759,7.859,1,1
MVCO_344,MVCO_344_01,2015-07-27 18:30:00,41.325,-70.5657,13,a,12.229,1.812,146.879,25.38,6.749,1,1
MVCO_344,MVCO_344_02,2015-07-27 18:30:00,41.325,-70.5657,10,a,13.067,1.927,156.939,26.99,6.781,1,1
MVCO_344,MVCO_344_03,2015-07-27 18:30:00,41.325,-70.5657,6,a,11.84,1.758,142.206,24.618,6.736,1,1
MVCO_344,MVCO_344_04,2015-07-27 18:30:00,41.325,-70.5657,2,a,5.673,0.543,68.137,7.611,10.44,1,1
MVCO_345,MVCO_345_00,2015-07-28 20:00:00,41.325,-70.5657,0,b,16.53,1.882,198.536,26.365,8.782,1,1
MVCO_345,MVCO_345_00,2015-07-28 20:00:00,41.325,-70.5657,0,a,15.868,1.693,190.585,23.717,9.371,1,1
MVCO_346,MVCO_346_00,2015-07-29 20:00:00,41.325,-70.5657,0,a,28.971,3.236,347.968,45.321,8.954,1,1
MVCO_347,MVCO_347_01,2015-08-20 18:00:00,41.325,-70.5657,13,a,16.395,2.079,196.91,29.125,7.884,1,1
MVCO_347,MVCO_347_02,2015-08-20 18:00:00,41.325,-70.5657,10,a,16.48,2.21,197.932,30.958,7.456,1,1
MVCO_347,MVCO_347_03,2015-08-20 18:00:00,41.325,-70.5657,6,a,11.294,1.426,135.648,19.975,7.919,1,1
MVCO_347,MVCO_347_04,2015-08-20 18:00:00,41.325,-70.5657,2,a,9.834,1.446,118.108,20.25,6.802,1,1
MVCO_348,MVCO_348_01,2015-08-27 15:30:00,41.325,-70.5657,13,a,27.743,4.255,333.219,59.6,6.52,1,1
MVCO_348,MVCO_348_02,2015-08-27 15:30:00,41.325,-70.5657,10,b,19.098,3.236,229.38,45.331,5.901,1,1
MVCO_348,MVCO_348_02,2015-08-27 15:30:00,41.325,-70.5657,10,a,11.093,1.808,133.239,25.319,6.137,1,1
MVCO_348,MVCO_348_03,2015-08-27 15:30:00,41.325,-70.5657,6,a,11.642,1.8,139.826,25.215,6.467,1,1
MVCO_348,MVCO_348_04,2015-08-27 15:30:00,41.325,-70.5657,2,a,12.22,2.002,146.767,28.047,6.102,3,3
MVCO_349,MVCO_349_01,2015-09-03 20:00:00,41.325,-70.5657,13,a,24.423,2.943,293.337,41.223,8.298,1,1
MVCO_349,MVCO_349_02,2015-09-03 20:00:00,41.325,-70.5657,10,a,23.123,3.006,277.729,42.103,7.693,1,1
MVCO_349,MVCO_349_03,2015-09-03 20:00:00,41.325,-70.5657,6,a,16.816,1.826,201.969,25.575,9.209,1,1
MVCO_349,MVCO_349_04,2015-09-03 20:00:00,41.325,-70.5657,2,a,12.932,1.565,155.328,21.917,8.265,3,3
MVCO_350,MVCO_350_00,2015-09-18 17:00:00,41.325,-70.5657,0,a,18.73,2.718,224.965,38.068,6.892,1,1
MVCO_351,MVCO_351_00,2015-10-08 20:00:00,41.325,-70.5657,0,a,29.127,3.604,349.835,50.483,8.081,1,1
MVCO_352,MVCO_352_01,2015-10-27 18:28:00,41.325,-70.5657,13,a,19.254,2.875,231.255,40.263,6.698,1,1
MVCO_352,MVCO_352_02,2015-10-27 18:28:00,41.325,-70.5657,10,a,19.638,2.705,235.862,37.883,7.261,1,1
MVCO_352,MVCO_352_03,2015-10-27 18:28:00,41.325,-70.5657,6,a,23.029,3.398,276.59,47.591,6.778,1,1
MVCO_352,MVCO_352_04,2015-10-27 18:28:00,41.325,-70.5657,2,a,24.324,3.399,292.146,47.614,7.155,1,1
MVCO_353,MVCO_353_01,2015-11-18 19:50:00,41.325,-70.5657,13,a,14.619,2.207,175.588,30.913,6.624,1,1
MVCO_353,MVCO_353_02,2015-11-18 19:50:00,41.325,-70.5657,10,a,14.322,1.582,172.014,22.164,9.051,1,1
MVCO_353,MVCO_353_03,2015-11-18 19:50:00,41.325,-70.5657,6,a,15.023,1.916,180.44,26.834,7.842,3,3
MVCO_353,MVCO_353_04,2015-11-18 19:50:00,41.325,-70.5657,2,a,17.006,2.478,204.256,34.712,6.862,3,3
MVCO_354,MVCO_354_00,2015-12-14 16:00:00,41.325,-70.5657,0,a,21.812,3.14,261.977,43.979,6.947,1,1
MVCO_355,MVCO_355_01,2016-01-29 16:27:00,41.325,-70.5657,13,a,27.316,3.023,328.088,42.348,9.035,1,1
MVCO_355,MVCO_355_02,2016-01-29 16:27:00,41.325,-70.5657,10,a,25.465,3.082,305.854,43.167,8.263,1,1
MVCO_355,MVCO_355_03,2016-01-29 16:27:00,41.325,-70.5657,6,a,19.79,2.047,237.692,28.668,9.669,1,1
MVCO_355,MVCO_355_04,2016-01-29 16:27:00,41.325,-70.5657,2,a,19.566,1.925,234.995,26.963,10.164,1,1
MVCO_356,MVCO_356_00,2016-03-04 14:30:00,41.325,-70.5657,0,a,37.806,4.545,454.074,63.665,8.317,1,1
MVCO_357,MVCO_357_01,2016-03-17 15:45:00,41.325,-70.5657,13,a,27.807,2.437,333.987,34.138,11.409,1,1
MVCO_357,MVCO_357_02,2016-03-17 15:45:00,41.325,-70.5657,10,a,31.109,3.531,373.643,49.463,8.809,1,1
MVCO_357,MVCO_357_03,2016-03-17 15:45:00,41.325,-70.5657,6,b,45.78,3.615,549.848,50.631,12.665,1,1
MVCO_357,MVCO_357_03,2016-03-17 15:45:00,41.325,-70.5657,6,a,31.223,3.573,375.011,50.053,8.737,1,1
MVCO_357,MVCO_357_04,2016-03-17 15:45:00,41.325,-70.5657,2,a,22.009,2.284,264.339,31.992,9.636,1,1
MVCO_358,MVCO_358_00,2016-03-30 15:00:00,41.325,-70.5657,0,a,26.811,3.283,322.013,45.979,8.167,1,1
MVCO_359,MVCO_359_01,2016-04-19 20:45:00,41.325,-70.5657,13,a,15.733,1.765,188.969,24.715,8.917,1,1
MVCO_359,MVCO_359_02,2016-04-19 20:45:00,41.325,-70.5657,10,a,16.358,2.005,196.472,28.08,8.16,1,1
MVCO_359,MVCO_359_03,2016-04-19 20:45:00,41.325,-70.5657,6,a,16.999,2.127,204.174,29.799,7.99,1,1
MVCO_359,MVCO_359_04,2016-04-19 20:45:00,41.325,-70.5657,2,a,16.812,1.895,201.921,26.54,8.873,1,1
MVCO_360,MVCO_360_01,2016-05-26 15:45:00,41.325,-70.5657,13,a,26.836,2.739,322.324,38.368,9.797,1,1
MVCO_360,MVCO_360_02,2016-05-26 15:45:00,41.325,-70.5657,10,a,27.425,2.593,329.398,36.321,10.576,1,1
MVCO_360,MVCO_360_03,2016-05-26 15:45:00,41.325,-70.5657,6,a,28.758,2.855,345.41,39.996,10.071,1,1
MVCO_360,MVCO_360_04,2016-05-26 15:45:00,41.325,-70.5657,2,a,24.542,2.877,294.764,40.298,8.53,1,1
MVCO_360,MVCO_360_04,2016-05-26 15:45:00,41.325,-70.5657,2,b,26.942,2.661,323.598,37.279,10.123,1,1
MVCO_361,MVCO_361_01,2016-06-10 18:55:00,41.325,-70.5657,13,a,50.259,5.892,603.649,82.527,8.53,1,1
MVCO_361,MVCO_361_02,2016-06-10 18:55:00,41.325,-70.5657,10,a,35.708,4.016,428.878,56.253,8.891,1,1
MVCO_361,MVCO_361_03,2016-06-10 18:55:00,41.325,-70.5657,6,a,22.645,2.584,271.983,36.198,8.762,1,1
MVCO_361,MVCO_361_04,2016-06-10 18:55:00,41.325,-70.5657,2,a,21.573,2.37,259.104,33.189,9.104,1,1
MVCO_362,MVCO_362_01,2016-06-15 17:45:00,41.325,-70.5657,13,a,22.539,2.755,270.704,38.592,8.18,1,1
MVCO_362,MVCO_362_02,2016-06-15 17:45:00,41.325,-70.5657,10,a,19.578,2.647,235.149,37.075,7.396,1,1
MVCO_362,MVCO_362_02,2016-06-15 17:45:00,41.325,-70.5657,10,b,24.645,3.019,296.005,42.281,8.164,1,1
MVCO_362,MVCO_362_03,2016-06-15 17:45:00,41.325,-70.5657,6,a,20.626,2.698,247.731,37.785,7.646,1,1
MVCO_362,MVCO_362_04,2016-06-15 17:45:00,41.325,-70.5657,2,a,19.577,2.417,235.132,33.854,8.1,1,1
MVCO_363A,MVCO_363A_00,2016-06-28 16:30:00,41.325,-70.5657,0,a,45.505,4.044,546.545,56.65,11.251,1,1
MVCO_363B,MVCO_363B_00,2016-07-14 19:00:00,41.325,-70.5657,0,a,26.166,3.13,314.274,43.836,8.361,1,1
MVCO_364,MVCO_364_00,2016-07-27 21:15:00,41.325,-70.5657,0,a,31.72,4.53,380.982,63.448,7.003,1,1
MVCO_365,MVCO_365_00,2016-07-28 20:15:00,41.325,-70.5657,0,a,26.539,2.051,318.753,28.727,12.94,1,1
MVCO_366,MVCO_366_01,2016-08-09 18:00:00,41.325,-70.5657,13,a,23.521,2.645,282.509,37.041,8.894,1,1
MVCO_366,MVCO_366_02,2016-08-09 18:00:00,41.325,-70.5657,10,a,22.644,2.374,271.973,33.252,9.538,1,1
MVCO_366,MVCO_366_03,2016-08-09 18:00:00,41.325,-70.5657,6,a,19.505,1.978,234.264,27.703,9.862,1,1
MVCO_366,MVCO_366_04,2016-08-09 18:00:00,41.325,-70.5657,2,a,19.419,2.048,233.238,28.693,9.48,1,1
MVCO_367,MVCO_367_01,2016-08-19 15:30:00,41.325,-70.5657,13,a,49.266,6.403,591.721,89.678,7.695,1,1
MVCO_367,MVCO_367_02,2016-08-19 15:30:00,41.325,-70.5657,10,a,23.066,3.049,277.036,42.711,7.564,1,1
MVCO_367,MVCO_367_03,2016-08-19 15:30:00,41.325,-70.5657,6,a,22.909,2.631,275.152,36.845,8.709,1,1
MVCO_367,MVCO_367_03,2016-08-19 15:30:00,41.325,-70.5657,6,b,26.197,3.527,314.648,49.403,7.427,1,1
MVCO_367,MVCO_367_04,2016-08-19 15:30:00,41.325,-70.5657,2,a,26.1,3.196,313.478,44.763,8.167,1,1
MVCO_368,MVCO_368_01,2016-08-24 16:15:00,41.325,-70.5657,13,a,31.378,3.952,376.869,55.357,7.939,1,1
MVCO_369,MVCO_369_00,2016-09-22 21:00:00,41.325,-70.5657,0,a,44.377,5.073,533.001,71.051,8.748,3,3
MVCO_370,MVCO_370_00,2016-10-07 20:00:00,41.325,-70.5657,0,a,48.362,6.724,580.862,94.186,7.192,1,1
MVCO_371,MVCO_371_00,2016-10-27 18:30:00,41.325,-70.5657,0,a,36.896,5.013,443.153,70.216,7.36,1,1
MVCO_372,MVCO_372_01,2016-11-04 19:02:00,41.325,-70.5657,13,a,36.619,4.004,439.818,56.082,9.146,1,1
MVCO_372,MVCO_372_02,2016-11-04 19:02:00,41.325,-70.5657,10,a,36.239,3.945,435.257,55.261,9.185,1,1
MVCO_372,MVCO_372_03,2016-11-04 19:02:00,41.325,-70.5657,6,a,39.61,4.633,475.739,64.893,8.549,1,1
MVCO_372,MVCO_372_04,2016-11-04 19:02:00,41.325,-70.5657,2,a,34.736,4.098,417.205,57.401,8.476,1,1
MVCO_373,MVCO_373_01,2016-11-09 18:28:00,41.325,-70.5657,13,a,19.538,2.882,234.67,40.369,6.779,1,1
MVCO_373,MVCO_373_02,2016-11-09 18:28:00,41.325,-70.5657,10,a,18.434,2.827,221.403,39.599,6.52,1,1
MVCO_373,MVCO_373_03,2016-11-09 18:28:00,41.325,-70.5657,6,a,19.554,2.782,234.859,38.965,7.029,1,1
MVCO_373,MVCO_373_04,2016-11-09 18:28:00,41.325,-70.5657,2,a,21.934,3.291,263.442,46.097,6.665,1,1
MVCO_374,MVCO_374_01,2016-11-19 17:25:00,41.325,-70.5657,13,a,20.413,2.798,245.171,39.196,7.295,1,1
MVCO_374,MVCO_374_02,2016-11-19 17:25:00,41.325,-70.5657,10,b,19.518,2.693,234.426,37.719,7.248,1,1
MVCO_374,MVCO_374_02,2016-11-19 17:25:00,41.325,-70.5657,10,a,20.025,2.688,240.519,37.653,7.449,1,1
MVCO_374,MVCO_374_03,2016-11-19 17:25:00,41.325,-70.5657,6,b,23.23,2.568,279.008,35.964,9.047,1,1
MVCO_374,MVCO_374_03,2016-11-19 17:25:00,41.325,-70.5657,6,a,18.255,2.697,219.26,37.774,6.769,1,1
MVCO_374,MVCO_374_04,2016-11-19 17:25:00,41.325,-70.5657,2,a,18.751,2.697,225.218,37.783,6.951,1,1
MVCO_376,MVCO_376_01,2016-12-14 19:15:00,41.325,-70.5657,13,a,54.508,7.161,654.675,100.299,7.612,1,1
MVCO_376,MVCO_376_02,2016-12-14 19:15:00,41.325,-70.5657,10,a,41.289,5.514,495.908,77.235,7.488,1,1
MVCO_376,MVCO_376_03,2016-12-14 19:15:00,41.325,-70.5657,6,a,32.886,4.018,394.989,56.276,8.185,1,1
MVCO_376,MVCO_376_04,2016-12-14 19:15:00,41.325,-70.5657,2,a,30.418,3.712,365.345,51.99,8.195,1,1
MVCO_377,MVCO_377_00,2017-02-22 19:15:00,41.325,-70.5657,0,a,25.634,2.548,307.881,35.694,10.059,1,1
MVCO_378,MVCO_378_00,2017-03-30 18:00:00,41.325,-70.5657,0,a,36.048,4.769,432.965,66.798,7.559,1,1
MVCO_379,MVCO_379_01,2017-04-13 15:45:00,41.325,-70.5657,13,a,28.568,4.115,343.12,57.64,6.942,1,1
MVCO_379,MVCO_379_02,2017-04-13 15:45:00,41.325,-70.5657,10,a,24.157,3.508,290.139,49.139,6.886,1,1
MVCO_379,MVCO_379_03,2017-04-13 15:45:00,41.325,-70.5657,6,a,24.65,3.05,296.068,42.72,8.082,3,3
MVCO_379,MVCO_379_04,2017-04-13 15:45:00,41.325,-70.5657,2,a,21.851,3.015,262.447,42.237,7.246,1,1
MVCO_380,MVCO_380_00,2017-04-14 15:35:00,41.325,-70.5657,0,a,33.474,5.341,402.044,74.804,6.268,1,1
MVCO_381,MVCO_381_01,2017-05-30 20:00:00,41.325,-70.5657,13,a,19.496,2.769,234.156,38.78,7.042,1,1
MVCO_381,MVCO_381_02,2017-05-30 20:00:00,41.325,-70.5657,10,a,23.956,3.517,287.733,49.257,6.812,1,1
MVCO_381,MVCO_381_03,2017-05-30 20:00:00,41.325,-70.5657,6,a,24.894,3.834,298.989,53.703,6.493,1,1
MVCO_381,MVCO_381_04,2017-05-30 20:00:00,41.325,-70.5657,2,a,27.464,3.947,329.859,55.283,6.958,1,1
MVCO_382,MVCO_382_01,2017-06-26 16:45:00,41.325,-70.5657,13,a,31.513,4.407,378.498,61.733,7.15,1,1
MVCO_382,MVCO_382_02,2017-06-26 16:45:00,41.325,-70.5657,10,a,25.082,3.826,301.253,53.585,6.556,1,1
MVCO_382,MVCO_382_02,2017-06-26 16:45:00,41.325,-70.5657,10,b,26.665,4.029,320.261,56.434,6.618,1,1
MVCO_382,MVCO_382_03,2017-06-26 16:45:00,41.325,-70.5657,6,a,25.698,3.936,308.657,55.135,6.529,1,1
MVCO_382,MVCO_382_04,2017-06-26 16:45:00,41.325,-70.5657,2,a,18.469,2.589,221.828,36.259,7.135,1,1
MVCO_383,MVCO_383_01,2017-07-28 19:00:00,41.325,-70.5657,13,a,27.261,3.88,327.426,54.349,7.026,1,1
MVCO_383,MVCO_383_02,2017-07-28 19:00:00,41.325,-70.5657,10,a,20.645,2.222,247.957,31.124,9.291,1,1
MVCO_383,MVCO_383_03,2017-07-28 19:00:00,41.325,-70.5657,6,a,37.167,3.092,446.401,43.312,12.019,1,1
MVCO_383,MVCO_383_04,2017-07-28 19:00:00,41.325,-70.5657,2,a,29.776,2.729,357.634,38.225,10.911,1,1
MVCO_384,MVCO_384_01,2017-08-02 17:00:00,41.325,-70.5657,13,a,16.875,2.501,202.681,35.028,6.748,1,1
MVCO_384,MVCO_384_02,2017-08-02 17:00:00,41.325,-70.5657,10,a,18.77,2.325,225.436,32.566,8.073,1,1
MVCO_384,MVCO_384_03,2017-08-02 17:00:00,41.325,-70.5657,6,a,17.997,2.493,216.159,34.915,7.22,1,1
MVCO_384,MVCO_384_03,2017-08-02 17:00:00,41.325,-70.5657,6,b,16.014,2.072,192.343,29.024,7.728,1,1
MVCO_384,MVCO_384_04,2017-08-02 17:00:00,41.325,-70.5657,2,a,16.042,1.642,192.679,23.004,9.768,1,1
MVCO_385,MVCO_385_00,2017-08-21 19:30:00,41.325,-70.5657,0,a,33.211,3.758,398.886,52.632,8.838,1,1
MVCO_385,MVCO_385_00,2017-08-21 19:30:00,41.325,-70.5657,0,b,32.222,3.469,387.004,48.587,9.289,1,1
MVCO_387,MVCO_387_02,2017-10-17 17:20:00,41.325,-70.5657,10,a,23.051,3.277,276.863,45.895,7.035,1,1
MVCO_387,MVCO_387_03,2017-10-17 17:20:00,41.325,-70.5657,6,a,22.018,2.837,264.45,39.74,7.76,1,1
MVCO_387,MVCO_387_04,2017-10-17 17:20:00,41.325,-70.5657,2,a,23.018,3.026,276.468,42.385,7.607,1,1
MVCO_388,MVCO_388_01,2017-11-15 17:45:00,41.325,-70.5657,13,a,20.593,2.548,247.338,35.683,8.083,1,1
MVCO_388,MVCO_388_02,2017-11-15 17:45:00,41.325,-70.5657,10,a,38.952,3.058,467.837,42.826,12.74,4,1
MVCO_388,MVCO_388_03,2017-11-15 17:45:00,41.325,-70.5657,6,a,20.403,2.599,245.049,36.4,7.851,1,1
MVCO_388,MVCO_388_04,2017-11-15 17:45:00,41.325,-70.5657,2,a,21.708,2.862,260.731,40.088,7.585,1,1
MVCO_389,MVCO_389_01,2017-12-04 17:00:00,41.325,-70.5657,13,a,22.274,2.662,267.525,37.282,8.368,1,1
MVCO_389,MVCO_389_02,2017-12-04 17:00:00,41.325,-70.5657,10,a,21.545,2.893,258.776,40.525,7.447,1,1
MVCO_389,MVCO_389_04,2017-12-04 17:00:00,41.325,-70.5657,2,a,22.076,2.711,265.144,37.977,8.142,1,1
MVCO_389,MVCO_389_03,2017-12-04 17:00:00,41.325,-70.5657,6,a,22.283,2.949,267.634,41.311,7.555,1,1
MVCO_390,MVCO_390_01,2018-01-22 17:40:00,41.325,-70.5657,15,a,26.55,3.249,318.887,45.511,8.171,1,1
MVCO_390,MVCO_390_02,2018-01-22 17:40:00,41.325,-70.5657,10,a,37.833,3.623,454.404,50.748,10.442,1,1
MVCO_390,MVCO_390_03,2018-01-22 17:40:00,41.325,-70.5657,6,a,36.418,3.48,437.403,48.744,10.465,1,1
MVCO_390,MVCO_390_04,2018-01-22 17:40:00,41.325,-70.5657,2,a,36.854,2.895,442.645,40.555,12.729,1,1
MVCO_391,MVCO_391_01,2018-02-27 16:30:00,41.325,-70.5657,13,a,37.099,4.752,445.59,66.564,7.807,1,1
MVCO_391,MVCO_391_02,2018-02-27 16:30:00,41.325,-70.5657,10,a,37.49,4.392,450.279,61.517,8.536,1,1
MVCO_391,MVCO_391_03,2018-02-27 16:30:00,41.325,-70.5657,6,a,23.038,3.152,276.701,44.15,7.309,1,1
MVCO_391,MVCO_391_04,2018-02-27 16:30:00,41.325,-70.5657,2,a,23.584,3.186,283.261,44.622,7.403,1,1
MVCO_392,MVCO_392_01,2018-03-24 17:42:00,41.325,-70.5657,14,a,34.98,4.781,420.138,66.962,7.317,1,1
MVCO_392,MVCO_392_02,2018-03-24 17:42:00,41.325,-70.5657,9,a,25.026,3.086,300.577,43.229,8.109,1,1
MVCO_392,MVCO_392_03,2018-03-24 17:42:00,41.325,-70.5657,5,a,26.786,2.91,321.717,40.757,9.205,1,1
MVCO_392,MVCO_392_04,2018-03-24 17:42:00,41.325,-70.5657,2,a,50.665,8.866,608.521,124.177,5.715,1,1
MVCO_393,MVCO_393_00,2018-04-11 13:30:00,41.325,-70.5657,0,a,46.607,5.513,559.78,77.215,8.454,1,1
MVCO_394,MVCO_394_00,2018-05-23 11:30:00,41.325,-70.5657,0,a,43.6,3.944,523.666,55.237,11.056,1,1
MVCO_394,MVCO_394_00,2018-05-23 11:30:00,41.325,-70.5657,0,b,44.274,4.058,531.761,56.843,10.91,1,1
MVCO_395,MVCO_395_00,2018-06-08 15:45:00,41.325,-70.5657,0,a,31.058,2.522,373.023,35.319,12.317,3,3
MVCO_396,MVCO_396_00,2018-06-21 17:50:00,41.325,-70.5657,0,a,24.045,2.989,288.802,41.873,8.043,1,1
MVCO_397,MVCO_397_00,2018-07-02 16:00:00,41.325,-70.5657,0,a,20.161,2.264,242.148,31.706,8.906,1,1
MVCO_398,MVCO_398_00,2018-08-10 15:30:00,41.325,-70.5657,0,a,23.622,2.686,283.715,37.619,8.795,1,1
MVCO_398,MVCO_398_00,2018-08-10 15:30:00,41.325,-70.5657,0,b,22.455,2.708,269.696,37.927,8.293,1,1
MVCO_399,MVCO_399_00,2018-08-28 16:15:00,41.325,-70.5657,0,a,19.692,2.36,236.514,33.058,8.343,3,3
MVCO_399,MVCO_399_00,2018-08-28 16:15:00,41.325,-70.5657,0,b,26.201,3.499,314.691,49.012,7.488,3,3
MVCO_400,MVCO_400_00,2018-09-05 11:48:00,41.325,-70.5657,0,a,32.658,1.939,392.251,27.152,16.847,1,1
MVCO_401,MVCO_401_00,2018-09-17 15:15:00,41.325,-70.5657,0,a,35.463,3.148,425.941,44.099,11.264,1,1
MVCO_402,MVCO_402_00,2018-09-20 17:00:00,41.325,-70.5657,0,a,29.394,3.946,353.048,55.276,7.448,1,1
MVCO_403,MVCO_403_01,2018-10-08 18:00:00,41.325,-70.5657,14,a,37.926,5.061,455.522,70.886,7.494,1,1
MVCO_403,MVCO_403_02,2018-10-08 18:00:00,41.325,-70.5657,11.3,a,23.221,3.031,278.905,42.461,7.66,1,1
MVCO_403,MVCO_403_03,2018-10-08 18:00:00,41.325,-70.5657,7.5,a,22.567,2.898,271.041,40.59,7.787,1,1
MVCO_403,MVCO_403_04,2018-10-08 18:00:00,41.325,-70.5657,2,a,24.854,3.266,298.516,45.741,7.611,1,1
MVCO_404,MVCO_404_00,2018-10-31 16:15:00,41.325,-70.5657,0,a,31.803,3.577,381.971,50.107,8.89,1,1
MVCO_406,MVCO_406_01,2018-12-05 15:45:00,41.325,-70.5657,13,a,15.517,2.081,186.366,29.15,7.456,1,1
MVCO_406,MVCO_406_03,2018-12-05 15:45:00,41.325,-70.5657,6,a,17.711,2.384,212.721,33.386,7.43,3,3
MVCO_406,MVCO_406_04,2018-12-05 15:45:00,41.325,-70.5657,2,a,15.424,1.954,185.252,27.366,7.894,1,1
MVCO_407,MVCO_407_00,2018-12-20 18:11:00,41.325,-70.5657,0,a,17.924,1.645,215.28,23.039,10.897,1,1
MVCO_407,MVCO_407_00,2018-12-20 18:11:00,41.325,-70.5657,0,b,17.8,1.701,213.787,23.828,10.463,1,1
MVCO_408,MVCO_408_00,2019-01-18 16:00:00,41.325,-70.5657,0,a,34.757,3.867,417.45,54.168,8.987,1,1
MVCO_410,MVCO_410_00,2019-02-20 20:00:00,41.325,-70.5657,0,a,31.226,3.52,375.051,49.298,8.872,1,1
MVCO_411,MVCO_411_00,2019-03-09 20:00:00,41.325,-70.5657,0,a,26.817,2.074,322.093,29.05,12.93,1,1
MVCO_412,MVCO_412_00,2019-03-20 18:00:00,41.325,-70.5657,0,a,24.306,2.499,291.937,35.003,9.726,1,1
MVCO_413,MVCO_413_00,2019-04-02 18:00:00,41.325,-70.5657,0,a,38.307,5.046,460.098,70.681,7.591,1,1
MVCO_414,MVCO_414_00,2019-04-25 19:00:00,41.325,-70.5657,0,b,50.899,4.823,611.329,67.549,10.554,1,1
MVCO_414,MVCO_414_00,2019-04-25 19:00:00,41.325,-70.5657,0,a,NaN,NaN,NaN,NaN,NaN,1,1
MVCO_415,MVCO_415_00,2019-05-01 18:00:00,41.325,-70.5657,0,a,25.915,3.36,311.258,47.056,7.714,1,1
MVCO_416,MVCO_416_01,2019-05-07 14:30:00,41.325,-70.5657,12,a,18.993,2.581,228.123,36.149,7.359,1,1
MVCO_416,MVCO_416_02,2019-05-07 14:30:00,41.325,-70.5657,10,a,20.297,2.871,243.776,40.209,7.07,1,1
MVCO_416,MVCO_416_03,2019-05-07 14:30:00,41.325,-70.5657,6,a,19.023,2.767,228.474,38.758,6.875,1,1
MVCO_416,MVCO_416_04,2019-05-07 14:30:00,41.325,-70.5657,2,a,16.627,1.945,199.698,27.246,8.548,1,1
MVCO_417,MVCO_417_01,2019-06-10 18:29:00,41.325,-70.5657,12,a,15.364,NaN,184.537,NaN,NaN,1,3
MVCO_417,MVCO_417_02,2019-06-10 18:29:00,41.325,-70.5657,10,a,16.225,NaN,194.879,NaN,NaN,1,3
MVCO_417,MVCO_417_03,2019-06-10 18:29:00,41.325,-70.5657,6,a,14.654,NaN,176.008,NaN,NaN,1,3
MVCO_417,MVCO_417_04,2019-06-10 18:29:00,41.325,-70.5657,2,a,18.448,2.108,221.57,29.527,8.751,1,1
MVCO_418,MVCO_418_01,2019-08-02 18:30:00,41.325,-70.5657,13,a,26.499,3.756,318.268,52.61,7.055,1,1
MVCO_418,MVCO_418_02,2019-08-02 18:30:00,41.325,-70.5657,11,a,31.953,4.095,383.781,57.364,7.802,1,1
MVCO_418,MVCO_418_03,2019-08-02 18:30:00,41.325,-70.5657,5,a,33.305,3.561,400.016,49.876,9.353,1,1
MVCO_418,MVCO_418_04,2019-08-02 18:30:00,41.325,-70.5657,2,a,25.927,2.822,311.395,39.521,9.189,1,1
MVCO_419,MVCO_419_01,2019-09-16 16:00:00,41.325,-70.5657,13,a,55.293,5.016,664.109,70.253,11.024,1,1
MVCO_419,MVCO_419_02,2019-09-16 16:00:00,41.325,-70.5657,10,a,58.645,6.541,704.37,91.619,8.966,1,1
MVCO_419,MVCO_419_03,2019-09-16 16:00:00,41.325,-70.5657,6,a,40.397,3.754,485.194,52.582,10.761,1,1
MVCO_419,MVCO_419_04,2019-09-16 16:00:00,41.325,-70.5657,2,a,37.214,3.132,446.971,43.866,11.883,1,1
MVCO_420,MVCO_420_00,2019-10-25 19:00:00,41.325,-70.5657,0,a,29.875,4.342,358.823,60.82,6.88,1,1
MVCO_421,MVCO_421_00,2019-11-14 18:00:00,41.325,-70.5657,0,a,48.138,5.551,578.176,77.753,8.672,1,1
MVCO_421,MVCO_421_00,2019-11-14 18:00:00,41.325,-70.5657,0,b,49.197,5.671,590.896,79.437,8.675,1,1
MVCO_422,MVCO_422_04,2019-11-21 16:00:00,41.325,-70.5657,2,a,23.259,2.862,279.359,40.094,8.126,1,1
MVCO_422,MVCO_422_01,2019-11-21 16:00:00,41.325,-70.5657,13,a,24.495,3.688,294.207,51.654,6.642,1,1
MVCO_422,MVCO_422_02,2019-11-21 16:00:00,41.325,-70.5657,10,a,20.35,2.781,244.423,38.955,7.317,1,1
MVCO_422,MVCO_422_03,2019-11-21 16:00:00,41.325,-70.5657,6,a,21.563,2.736,258.988,38.322,7.881,1,1
MVCO_424,MVCO_424_01,2020-01-15 19:00:00,41.325,-70.5657,13,a,33.289,4.394,399.819,61.548,7.576,1,1
MVCO_424,MVCO_424_02,2020-01-15 19:00:00,41.325,-70.5657,10,a,24.006,3.304,288.331,46.28,7.266,1,1
MVCO_424,MVCO_424_03,2020-01-15 19:00:00,41.325,-70.5657,5,a,22.489,2.878,270.105,40.309,7.814,1,1
MVCO_424,MVCO_424_04,2020-01-15 19:00:00,41.325,-70.5657,2,a,21.209,2.803,254.74,39.264,7.566,1,1
MVCO_425,MVCO_425_01,2020-02-25 21:00:00,41.325,-70.5657,13,a,29.662,3.248,356.265,45.487,9.134,1,1
MVCO_425,MVCO_425_02,2020-02-25 21:00:00,41.325,-70.5657,10,a,27.918,3.134,335.315,43.903,8.907,1,1
MVCO_425,MVCO_425_03,2020-02-25 21:00:00,41.325,-70.5657,6,a,25.843,2.987,310.392,41.844,8.651,1,1
MVCO_425,MVCO_425_04,2020-02-25 21:00:00,41.325,-70.5657,2,a,27.288,3.255,327.746,45.59,8.384,1,1
MVCO_426,MVCO_426_00,2020-03-12 19:15:00,41.325,-70.5657,0,a,36.297,3.36,435.948,47.066,10.802,3,3
MVCO_427,MVCO_427_01,2020-05-28 20:15:00,41.325,-70.5657,13,a,22.928,2.756,275.377,38.604,8.319,1,1
MVCO_427,MVCO_427_02,2020-05-28 20:15:00,41.325,-70.5657,10,a,25.803,3.422,309.908,47.935,7.54,1,1
MVCO_427,MVCO_427_03,2020-05-28 20:15:00,41.325,-70.5657,6,a,21.931,3.194,263.401,44.732,6.867,1,1
MVCO_427,MVCO_427_04,2020-05-28 20:15:00,41.325,-70.5657,2,a,18.026,2.928,216.5,41.008,6.157,1,1
MVCO_428,MVCO_428_01,2020-06-01 15:15:00,41.325,-70.5657,13,a,25.314,9.805,304.043,137.342,2.582,3,3
MVCO_428,MVCO_428_02,2020-06-01 15:15:00,41.325,-70.5657,10,a,24.21,3.762,290.774,52.689,6.436,1,1
MVCO_428,MVCO_428_03,2020-06-01 15:15:00,41.325,-70.5657,6,a,24.839,3.798,298.34,53.198,6.54,1,1
MVCO_428,MVCO_428_04,2020-06-01 15:15:00,41.325,-70.5657,2,a,21.128,3.402,253.756,47.648,6.211,1,1
MVCO_429,MVCO_429_00,2020-06-29 15:15:00,41.325,-70.5657,0,a,32.017,4.601,384.545,64.45,6.958,1,1
MVCO_429,MVCO_429_00,2020-06-29 15:15:00,41.325,-70.5657,0,b,31.327,4.35,376.257,60.929,7.202,1,1
MVCO_431,MVCO_431_00,2020-08-12 19:30:00,41.325,-70.5657,0,a,32.006,4.409,384.417,61.761,7.259,1,1
MVCO_432,MVCO_432_01,2020-08-21 17:10:00,41.325,-70.5657,13,a,34.434,4.348,413.575,60.907,7.919,1,1
MVCO_432,MVCO_432_02,2020-08-21 17:10:00,41.325,-70.5657,10,a,29.139,3.559,349.976,49.844,8.188,1,1
MVCO_432,MVCO_432_03,2020-08-21 17:10:00,41.325,-70.5657,6,a,33.362,3.961,400.705,55.484,8.422,1,1
MVCO_432,MVCO_432_04,2020-08-21 17:10:00,41.325,-70.5657,2,a,74.98,11.839,900.558,165.823,6.333,1,1
MVCO_433,MVCO_433_01,2020-09-24 16:00:00,41.325,-70.5657,13,a,28.039,3.926,336.769,54.989,7.142,1,1
MVCO_433,MVCO_433_02,2020-09-24 16:00:00,41.325,-70.5657,10,a,15.987,2.623,192.015,36.734,6.096,1,1
MVCO_433,MVCO_433_03,2020-09-24 16:00:00,41.325,-70.5657,6,a,16.778,2.593,201.516,36.323,6.47,1,1
MVCO_433,MVCO_433_04,2020-09-24 16:00:00,41.325,-70.5657,2,a,13.973,1.946,167.82,27.264,7.178,1,1
MVCO_434,MVCO_434_01,2020-10-15 16:00:00,41.325,-70.5657,13,a,18.334,2.63,220.207,36.837,6.971,1,1
MVCO_434,MVCO_434_02,2020-10-15 16:00:00,41.325,-70.5657,10,a,24.706,3.127,296.735,43.805,7.9,1,1
MVCO_434,MVCO_434_03,2020-10-15 16:00:00,41.325,-70.5657,6,a,20.38,3.093,244.779,43.318,6.59,1,1
MVCO_434,MVCO_434_04,2020-10-15 16:00:00,41.325,-70.5657,2,a,24.761,3.655,297.394,51.193,6.775,1,1
MVCO_435,MVCO_435_00,2020-11-19 16:00:00,41.325,-70.5657,0,a,31.937,5.538,383.589,77.565,5.767,1,1
MVCO_435,MVCO_435_00,2020-11-19 16:00:00,41.325,-70.5657,0,b,26.98,3.678,324.048,51.512,7.336,1,1
